Date,NFT,REIT,AAA,TY,BTC,ETH,OIL,GOLD,S&P
1/3/2019,0.418613134,0.013752768,0.007096451,2.554,-0.027422322,-0.038880705,0.011748506,0.008395572,-0.025068276
1/4/2019,0.118457845,0.005043075,-0.007845544,2.659,0.005452332,0.035872309,0.018306666,-0.007069363,0.033759378
1/7/2019,-3.128968051,0.014899569,0.000860613,2.682,-0.0126847,-0.039087681,0.011608754,0.003191285,0.006985976
1/8/2019,0.690133185,0.010735195,-0.000478027,2.716,0.001390155,-0.008869753,0.025637213,-0.002801558,0.009648598
1/9/2019,-0.287250945,-0.001822854,-0.000127512,2.728,0.001103002,0.002945134,0.050529644,0.004742477,0.004089652
1/10/2019,-0.298468001,0.011288212,-0.001276019,2.731,-0.092459282,-0.159072502,0.004383047,-0.003574207,0.004508268
1/11/2019,-0.609238987,0.005841928,0.002168264,2.701,0.00229177,-0.008407304,-0.019198132,0.001866398,-0.000146354
1/14/2019,0.173575442,0.000812137,-0.002695097,2.71,0.042188102,0.099044939,-0.021156519,0.001552675,-0.005271432
1/15/2019,-0.903855601,0.00706642,-0.000111788,2.711,-0.020548563,-0.056055858,0.031185532,-0.002252166,0.010664642
1/16/2019,0.510321083,0.007590466,0.00071842,2.731,0.006679301,0.01233302,0.003830688,0.004189625,0.002219502
1/17/2019,-0.091909459,0.001538376,0.000973034,2.749,0.006424486,0.001575922,-0.00459859,-0.000464648,0.007562783
1/18/2019,0.039061109,0.003715482,0.001067653,2.784,-0.005649816,-0.022322754,0.0326845,-0.007541924,0.013096913
1/22/2019,0.250039731,-0.00060079,0.005208841,2.73,0.00795053,0.013477632,-0.023127852,0.000936111,-0.014258454
1/23/2019,-0.107788505,-0.00343125,0.000680859,2.755,-0.005411672,-0.010964921,0.000950661,0.000467727,0.002200471
1/24/2019,-0.228683732,0.006715968,0.003965093,2.712,0.004381431,-0.000764183,0.009645465,-0.003122319,0.001374732
1/25/2019,0.635253202,0.008795865,-0.001925293,2.753,-0.00030542,-0.008424263,0.010485024,0.014205556,0.008452894
1/28/2019,0.377917294,0.012332427,0.001073571,2.744,-0.032185563,-0.061978585,-0.032175372,0.003846454,-0.007877809
1/29/2019,-0.497280223,0.008278422,0.001954727,2.712,-0.006456127,-0.009347997,0.025072538,0.00444343,-0.001457271
1/30/2019,3.527805337,0.010083445,3.15E-05,2.695,0.010978783,0.030857807,0.01711033,0.001298652,0.015429592
1/31/2019,-3.323729883,0.00506836,0.006967794,2.635,-0.008176607,-0.017100379,-0.008146685,0.00745364,0.008560631
2/1/2019,-0.156086448,-0.010640028,-0.002521003,2.691,0.008682383,0.005112723,0.026961743,-0.002123948,0.000898232
2/4/2019,0.08603852,0.010640028,-0.001160857,2.724,-0.001403801,0.003055387,-0.012748306,-0.001976285,0.006753349
2/5/2019,0.667115342,0.001774279,0.002915271,2.702,0.002080242,-0.003512714,-0.016633169,-7.61E-05,0.004697431
2/6/2019,0.1473774,0.001856755,0.000453767,2.702,-0.015287694,-0.023773936,0.00650137,-0.003582731,-0.002226973
2/7/2019,-0.533524808,0.008440431,0.002796287,2.652,-0.004196583,-0.003666555,-0.025692928,-7.64E-05,-0.009401172
2/8/2019,-0.348508817,0.000240578,0.000670571,2.632,0.075693936,0.131846109,0.001518603,0.003278566,0.000676034
2/11/2019,0.049198828,0.001314729,-0.000998222,2.661,-0.011380348,-0.028510874,-0.005897477,-0.005113149,0.000708791
2/12/2019,-0.30312242,-0.006178785,-0.002187091,2.684,0.00139631,0.010447403,0.013079515,0.001681829,0.012807878
2/13/2019,-0.03375848,0.003802523,-0.000672711,2.708,-0.005890543,-0.000152452,0.01495355,0.001221374,0.003019414
2/14/2019,-0.029029615,0.003900828,0.001844961,2.657,-0.004190874,-0.009538326,0.009417483,-0.000763184,-0.002655146
2/15/2019,0.304838909,0.003548478,-4.69E-05,2.666,0.001085963,0.005833367,0.021455368,0.006316852,0.010819962
2/19/2019,0.963282334,-0.000224886,0.000296687,2.647,0.007981955,-0.005161762,0.008954215,0.016552932,0.001497653
2/20/2019,-0.178368982,-0.004495027,-0.000984091,2.654,0.013269765,0.028541364,0.01468923,0.002385035,0.001775555
2/21/2019,-0.139466128,-0.002630343,-0.004840804,2.688,-0.01149189,-0.023157373,0.000702494,-0.01484953,-0.003532645
2/22/2019,-0.521394575,0.008600496,0.002681787,2.655,0.012917451,0.020064191,0.005253033,0.004297515,0.006390624
2/25/2019,0.048044174,-0.005221975,-0.00036029,2.673,0.018788447,0.028805419,-0.031579704,-0.002485783,0.001231038
2/26/2019,0.290343772,-0.0055757,0.002269225,2.636,-0.007325399,-0.012473043,0.000360425,-0.000603546,-0.000790696
2/27/2019,0.456253224,-0.00609224,-0.006303926,2.693,-0.000859279,-0.014322659,0.025615061,-0.005600136,-0.00054419
2/28/2019,-0.231516047,0.01080675,-0.00047204,2.711,0.000970184,0.004546348,0.004905406,-0.003725532,-0.002829546
3/1/2019,0.055741983,-0.015716042,-0.002205802,2.755,0.001244001,-0.002215508,-0.025129618,-0.012571069,0.006871674
3/4/2019,0.683061067,0.002264359,0.002473319,2.722,-0.022506314,-0.034425636,0.014058422,-0.008988128,-0.003888149
3/5/2019,0.151848005,0.011500621,0.000267445,2.722,0.035213632,0.075701764,-0.00053027,-0.002181706,-0.001132118
3/6/2019,-0.338831575,-0.004851669,0.001587464,2.692,0.001940339,0.006991518,-0.006029456,0.002259536,-0.006545491
3/7/2019,-0.286963423,0.004370437,0.004434667,2.636,0.001929965,-0.005453677,0.007795929,-0.000856464,-0.008158904
3/8/2019,0.099307752,-0.010361058,0.00056272,2.625,-0.002650275,-0.021288022,-0.010467584,0.010229475,-0.002134014
3/11/2019,-0.235499745,0.014627809,-0.001876965,2.643,-0.011804535,-0.021617477,0.001407707,0.0058025,0.014559543
3/12/2019,0.629784739,0.01016946,0.005153202,2.605,0.00100557,0.004539019,0.02414779,0.008602864,0.002948976
3/13/2019,-0.45105109,0.004039036,-0.001200041,2.611,-0.000624106,-0.008814272,0.005989579,-0.010842507,0.006925582
3/14/2019,0.229031192,-0.003941341,-0.002670187,2.63,0.004508158,0.00336,-0.001536754,0.006473512,-0.00086842
3/18/2019,0.088795499,-0.008813078,0.000965792,2.602,0.001806543,-0.00448105,-0.001015916,0.003608034,0.003699111
3/19/2019,-0.039249762,-0.000267005,-0.001838923,2.614,0.009547038,0.008178812,0.013461418,-0.003454235,-0.000130615
3/20/2019,0.016479774,0.003465436,0.005801355,2.535,0.003992357,0.001188881,0.002503966,0.004296792,-0.002948666
3/21/2019,-0.114815674,0.015261589,0.001797335,2.537,-0.014328402,-0.02921207,-0.015795993,0.004202168,0.01079405
3/25/2019,-0.17530688,-0.000331739,0.002697774,2.42,-0.014801996,-0.014380931,0.018862129,-0.005765891,-0.000839425
3/26/2019,0.317256843,0.001312561,0.001789388,2.414,0.005538473,0.003174499,-0.0088815,-0.003353406,0.007157105
3/27/2019,-0.375673788,0.003060468,0.00352352,2.374,0.025269802,0.039996871,-0.001853256,-0.015463631,-0.004655199
3/28/2019,0.883500909,0.001760411,-0.000304576,2.389,-0.004403784,-0.011210246,0.014065872,0.002477932,0.003583117
4/1/2019,0.521860218,-0.004416506,-0.00671436,2.497,0.012773998,0.002232076,0.015946219,0.00124108,0.011502182
4/2/2019,0.577676285,0.005294742,0.001058323,2.481,0.16004198,0.145001717,-0.001919386,-7.75E-05,1.74E-05
4/3/2019,-0.285068094,0.006507658,-0.003285991,2.517,0.018907493,-0.015383137,-0.005780363,-0.000697972,0.002146103
4/4/2019,0.37764517,-0.005712417,0.001029953,2.512,-0.010150462,-0.021322524,0.015657773,0.001085524,0.002082469
4/8/2019,0.27012376,-0.001936033,-0.001059298,2.519,0.017328472,0.032287624,-0.006543099,0.004921951,0.001046902
4/9/2019,-0.128712106,-0.003924489,0.002117475,2.499,-0.016163227,-0.023258912,0.009798663,0.004286924,-0.006085953
4/10/2019,-0.180784277,0.007507338,0.002005927,2.477,0.022716803,0.006919784,-0.016070242,-0.01578352,0.003471834
4/11/2019,0.274594832,-0.001769366,-0.002879992,2.504,-0.050075525,-0.069101359,0.004863899,0.001550869,3.81E-05
4/15/2019,1.451832998,-0.001933134,0.002612813,2.553,-0.019661686,-0.03803799,0.010200167,-0.011096465,-0.000629624
4/16/2019,-0.538502307,-0.024652832,-0.003444197,2.592,0.03270341,0.036755746,-0.004537994,-0.000314367,0.000509235
4/17/2019,-0.475022792,-0.006572022,-0.000154036,2.592,0.00312342,-0.00402114,0.003757049,-0.00023584,-0.002276364
4/23/2019,0.196475304,-0.002022234,0.002047998,2.57,0.031537679,-0.002486666,-0.006203212,0.004872691,0.008802364
4/24/2019,0.71340394,0.007482655,0.004420439,2.522,-0.019479347,-0.033339222,-0.010373854,0.000235174,-0.002194192
4/25/2019,-0.85858595,0.002573949,-0.000919315,2.534,-0.04766091,-0.071008372,-0.029727502,0.007107461,-0.000369015
4/29/2019,0.02924185,-0.001892455,-0.003737578,2.536,-0.007175279,-0.013396025,0.006435938,0.003279459,0.001070899
4/30/2019,1.577621039,0.006752255,0.001931805,2.509,0.019508687,0.043893225,-0.004862373,-0.001091959,0.000950948
5/1/2019,-1.787405613,0.009200248,0.001163414,2.511,0.009665965,-0.008345263,-0.028548307,-0.009172578,-0.007530413
5/2/2019,0.522370103,-0.004432359,-0.005138403,2.552,0.01880998,0.008078563,0.002101011,0.00745423,-0.002126258
5/7/2019,0.456017387,-0.015145121,0.003563104,2.448,0.014287066,-0.016671657,0.011658163,-0.003199503,-0.016649515
5/8/2019,-0.23655209,-0.001133009,-0.003149561,2.482,0.025899955,0.006747006,-0.006784067,0.003199503,-0.001606671
5/9/2019,-0.248879182,-0.002921593,0.000122498,2.457,0.031601133,-0.003861591,-0.000648508,0.001712596,-0.003026016
5/13/2019,0.273086453,0.001237283,0.001789963,2.405,0.11407867,0.049576366,0.012050301,-0.004162177,-0.024426545
5/14/2019,-0.404149318,0.006586581,-0.000672773,2.419,0.022709208,0.098158662,0.003877226,0.001235045,0.00798406
5/15/2019,1.037967121,0.007397371,0.004121262,2.379,0.026020896,0.129426028,0.013612189,-0.008755334,0.005821977
5/16/2019,-0.295278673,0.004042636,-0.001097344,2.405,-0.039813494,0.065979194,-0.001751175,-0.008204774,0.00885592
5/20/2019,0.249330925,-0.01340547,-0.001477589,2.416,-0.027125846,-0.036748457,-0.001744786,-0.003218087,-0.006772241
5/21/2019,0.010453644,0.00801304,-0.001433976,2.426,-0.001879537,0.013218892,-0.025240469,0.001257071,0.008459905
5/22/2019,-0.252849127,0.000435741,0.002546179,2.393,-0.036218764,-0.042081247,-0.058845434,0.008755528,-0.002828362
5/23/2019,0.142294183,0.000680448,0.007554533,2.296,0.025934033,0.005163433,0.01235643,-0.001401979,-0.011985682
5/28/2019,-0.770673959,-0.00339505,0.004834065,2.268,-0.009793263,-0.004017156,-0.005595606,0.00320676,-0.008410891
5/29/2019,-0.249434516,-0.020159546,0.001551007,2.236,-0.006959352,-0.008547409,-0.038479617,0.005062908,-0.006935956
5/30/2019,-0.269148551,0.001850782,0.003289798,2.227,-0.040056648,-0.051777646,-0.056150637,0.014424254,0.002096241
6/3/2019,0.55440627,-0.001257959,0.003570104,2.081,-0.063018059,-0.067418305,0.004309948,0.000529081,-0.002769032
6/4/2019,-0.790316193,-0.007843316,-0.004792817,2.119,-0.063001478,-0.045636865,-0.034236893,0.003695747,0.021205902
6/5/2019,-0.014314587,0.020257903,-0.002210639,2.123,0.014996474,0.023393115,0.017455128,0.006977034,0.008128769
6/6/2019,0.209439934,0.001863135,0.001598721,2.124,-0.000282241,0.009761211,0.026272857,0.002687772,0.00611681
6/10/2019,0.457712209,-0.006206835,-0.003804377,2.143,0.039812033,0.060081409,0.000187741,0.001282487,0.004649257
6/11/2019,-0.294157291,-0.000470818,0.001071445,2.14,-0.009117973,-0.007047623,-0.040806351,0.004137989,-0.000349938
6/12/2019,0.405744477,0.007265506,0.00013385,2.127,0.02714474,0.05970553,0.022046919,0.005465927,-0.002039698
6/13/2019,0.052242564,0.002427907,0.003043962,2.091,0.010388753,-0.018313227,0.004389739,0.000671817,0.004089078
6/17/2019,-0.102816447,0.011483704,0.002042599,2.086,0.035588478,0.018867894,0.03723382,0.005883903,0.000931336
6/18/2019,0.991884075,-0.002531805,0.004116902,2.06,-0.025932151,-0.034483228,-0.002600782,-0.001486326,0.009670463
6/19/2019,-0.120507183,0.002018043,0.002647099,2.029,0.020894884,0.016389808,0.052362291,0.035291334,0.00298073
6/20/2019,-0.159055967,0.011385127,0.00448405,2.001,0.026983496,0.008364868,0.013674827,0.002366356,0.009427615
6/24/2019,0.799322029,-0.005695949,0.005063598,2.021,0.014244097,0.008400805,-0.001209712,0.000424148,-0.001733435
6/25/2019,-0.685242001,3.99E-05,-0.004183678,1.994,0.068425403,0.024507206,0.026449797,-0.002335044,-0.009541702
6/26/2019,0.492611075,-0.022908718,0.000791267,2.049,0.098867663,0.056901729,0.00084168,-0.002269505,-0.001234746
6/27/2019,-0.117690516,-0.003862767,0.006133018,2.005,-0.151819674,-0.134860551,-0.016285347,0.000922607,0.003815923
7/1/2019,-0.163177395,-0.009180678,-0.001571298,2.034,-0.02187165,0.010080325,-0.049255664,0.013619306,0.007642996
7/3/2019,0.050698764,0.013991096,0.003529586,1.953,0.101972423,0.038691927,0.019192419,0.009283275,0.007643076
7/8/2019,0.110339959,0.003908004,0.002066567,2.034,0.070393312,0.024400009,0.00294398,0.000357846,-0.004847186
7/9/2019,0.101563228,0.001664464,-0.002416269,2.054,0.023159293,-0.014049948,0.043977998,0.008975698,0.001235816
7/10/2019,0.392801119,0.007377741,-0.001516787,2.061,-0.033751227,-0.063067209,-0.003813318,-0.004121666,0.004500485
7/11/2019,-0.097357324,-0.012830803,-0.006369308,2.12,-0.067884417,-0.076278365,0.000166099,0.003979822,0.002282672
7/15/2019,0.304292127,0.002566989,0.001714475,2.092,0.060443601,0.009611608,-0.033450218,-0.001559952,0.000175844
7/16/2019,0.346081238,-0.004032919,-0.002139885,2.122,-0.139376705,-0.142852435,-0.014685579,0.008549778,-0.003409581
7/17/2019,-0.54215978,-0.007604081,0.006245587,2.061,0.022551279,0.059901441,-0.026411243,0.0033715,-0.006552626
7/18/2019,-0.52134346,0.003554912,0.001063853,2.038,0.095619553,0.068883076,0.005949716,-0.000701459,0.003575536
7/22/2019,0.294744702,-0.006738454,0.000888184,2.043,-0.024449354,-0.036425159,0.009735452,-0.003655026,0.002824728
7/23/2019,-0.16444016,0.007374667,-0.002039628,2.074,-0.043707967,-0.022457954,-0.015801483,0.001899469,0.006824165
7/24/2019,0.012366656,0.003188268,0.003624748,2.05,-0.009013725,0.020094242,0.002502235,-0.006274917,0.004677164
7/25/2019,0.057530784,-0.002863583,-0.002225698,2.074,0.010131621,0.011778633,0.003207987,0.003248132,-0.005276251
7/29/2019,0.448154517,0.009766427,0.001933885,2.055,-0.003535536,0.000385826,0.020536747,0.00708949,-0.001617377
7/30/2019,-0.124616029,0.003765017,-0.00066844,2.061,0.009231028,-0.00353471,0.009088633,-0.002521186,-0.002581972
7/31/2019,0.281109378,0.004323625,0.003424661,2.021,0.048575318,0.037898229,-0.08233565,-0.003652972,-0.01094519
8/1/2019,0.421711905,-0.004390479,0.009745205,1.894,0.030662541,-0.003875265,0.031204064,0.017233987,-0.009039587
8/5/2019,-0.094100014,-0.019228729,0.005076988,1.735,0.073397413,0.050549997,-0.019572264,0.005311555,-0.030230162
8/6/2019,0.586800715,0.010037531,0.000584699,1.739,-0.028131633,-0.035613268,-0.04851983,0.023426248,0.012933014
8/7/2019,-0.214396469,0.011562389,0.004963283,1.684,0.039612102,0.001637275,0.027986001,-0.006389373,0.000766596
8/8/2019,0.085609835,0.011943043,0.000113483,1.716,0.002044345,-0.024364011,0.036625917,-0.000734729,0.018588426
8/12/2019,1.446802494,0.00164371,0.010017533,1.639,-0.012307995,-0.022485778,0.038744469,-0.002061514,-0.012393826
8/13/2019,-0.948129625,0.001181832,-0.0008298,1.68,-0.043707143,-0.012281315,-0.033297833,0.009078622,0.015018306
8/14/2019,-0.203346819,-0.008302068,0.009564091,1.581,-0.080637972,-0.111932375,-0.013856193,0.00243782,-0.029730363
8/15/2019,-0.026887355,-0.001204952,0.004616184,1.529,0.025522046,0.010100158,0.00731666,-0.004683231,0.002461237
8/19/2019,0.825134171,0.006412557,-0.006320148,1.598,0.053652863,0.043259856,0.002310085,0.002795343,0.012033185
8/20/2019,-1.235904332,-0.007548448,0.005431617,1.561,-0.014098603,-0.032663482,-0.011783746,0,-0.007946252
8/21/2019,0.373029832,0.002361736,-0.000222256,1.577,-0.059840267,-0.050466331,-0.005944357,-0.004863596,0.008213006
8/22/2019,0.643395015,0.006016098,-0.003158593,1.61,-0.000690129,0.023485986,-0.021549409,0.019379554,-0.00050621
8/27/2019,-1.129046167,0.005428012,0.007250061,1.49,-0.018030983,-0.007505594,0.015355735,-0.002078733,-0.003208332
8/28/2019,0.944461609,-0.004621042,0.002103021,1.466,-0.043244332,-0.075444974,0.01653518,-0.00737529,0.006524141
8/29/2019,-0.265857356,0.008137434,-0.004720788,1.516,-0.025355881,-0.02547106,-0.028800846,-0.004859479,0.012607435
9/3/2019,0.235732718,0.007004422,0.00161034,1.466,0.026398799,0.006438411,0.042111485,0.002842196,-0.006923029
9/4/2019,0.88614439,0.010117574,9.63E-05,1.459,-0.002737944,-0.019727879,0.000710732,-0.02276903,0.010783722
9/5/2019,-0.559446712,-0.005785309,-0.010964582,1.565,-0.001791208,-0.010141179,0.003900023,-0.006089508,0.012925923
9/9/2019,0.56035475,-0.005910423,-0.00816456,1.622,-0.010233096,-0.001136922,-0.00780915,-0.007953258,-9.40E-05
9/10/2019,-0.716123815,-0.013352933,-0.00886563,1.702,-0.021417821,-0.007548674,-0.029166893,0.002747347,0.000322266
9/11/2019,-0.050776262,0.002552852,-0.002285232,1.733,0.006149168,-0.005922687,-0.011909199,0.002873277,0.007203659
9/12/2019,0.165615522,0.004017038,-0.005082873,1.791,0.022513994,0.012734891,-0.004366025,-0.005218101,0.002874971
9/16/2019,1.05032064,0.009783515,0.007160482,1.841,-0.00687718,0.037864469,-0.058262549,0.001329699,-0.003140536
9/17/2019,-0.109138302,0.009624713,0.002764519,1.812,-0.003462463,0.056682432,-0.020945849,0.001593308,0.002578429
9/18/2019,-0.093366545,-0.002718467,0.004727537,1.786,-0.00420993,0.013258647,0.000344116,-0.006054777,0.000342624
9/19/2019,0.956556455,0.005902047,0.003407544,1.774,0.006661946,0.045713592,-0.00068835,0.005922099,2.00E-05
9/23/2019,0.366378885,0.003526243,0.003820873,1.708,-0.034455251,-0.046561471,-0.023290969,0.005497756,-9.69E-05
9/24/2019,0.344762783,-0.002404646,0.007069339,1.635,-0.12099365,-0.18325518,-0.014062457,-0.018112261,-0.008452012
9/25/2019,-0.040780714,-0.000586079,-0.009989869,1.732,-0.015616015,0.016412987,-0.001417184,0.001925567,0.006139679
9/26/2019,-0.002410885,0.00780798,0.005734692,1.685,-0.044331751,-0.024677368,-0.008903193,-0.005587722,-0.002431871
9/30/2019,-0.693841384,0.006500367,0.00027949,1.675,0.023135804,0.053490942,-0.008357371,0.011059583,0.005034927
10/1/2019,-0.32927597,-0.010921795,0.002888139,1.644,0.005939523,-0.014175458,-0.018445846,0.012739026,-0.01233413
10/2/2019,0.01342302,-0.008331905,0.000821664,1.596,0.005947039,0.018825174,-0.003615952,0.004055722,-0.018065441
10/3/2019,-0.349895257,0.01284285,0.004915857,1.536,-0.015979387,-0.030971942,0.006840232,-0.000597352,0.007940382
10/7/2019,-0.329948111,0.000789099,-0.002627541,1.553,0.031722605,0.045892601,-0.002277473,-0.000333901,-0.004488362
10/8/2019,-0.102634626,-0.000318113,-0.000748036,1.537,-0.002044365,0.004599143,-0.000760312,0.005926831,-0.015683167
10/9/2019,0.350329796,0.000623393,-0.003484348,1.589,0.043628604,0.060083365,0.018089809,-0.00753111,0.00906335
10/10/2019,-0.38785459,-0.001043478,-0.005913628,1.658,-0.001078627,-0.008487276,0.021247913,-0.008127669,0.006395209
10/14/2019,0.305977801,-0.005006403,0.000253104,1.733,0.006430503,0.026480028,-0.014661917,-0.009497259,-0.001388042
10/15/2019,0.480455615,0.000561688,-0.000590676,1.771,-0.020424934,-0.030161559,0.010360835,0.007013787,0.009906435
10/16/2019,-0.022029876,-0.003426535,0.003412661,1.748,-0.019423892,-0.030177263,0.010625508,0.002885618,-0.002001548
10/17/2019,-0.454108741,0.010814975,-0.000196298,1.757,0.00698198,0.011382094,-0.002785259,-0.002751218,0.002759019
10/21/2019,-0.232278912,0.004835871,-0.003662725,1.792,0.002628793,-0.003500524,0.015818698,-0.000472319,0.006848107
10/22/2019,0.057268288,0.001573518,0.003984852,1.768,-0.020282321,-0.015092263,0.032873204,0.005518926,-0.003575056
10/23/2019,0.093372623,-0.004966244,-8.40E-05,1.759,-0.072312103,-0.05916254,0.004634589,0.006022502,0.002843094
10/24/2019,0.080696824,0.001979451,0.00030805,1.766,-0.00282288,-0.001443362,0.007618072,0.000400213,0.001918598
10/28/2019,-0.307469531,-0.003353084,-0.005040773,1.853,-0.031432676,-0.008609404,-0.004849583,-0.002015452,0.005565862
10/29/2019,0.16024714,0.005775441,0.001142736,1.835,0.018362812,0.041183585,-0.008679982,0.004160801,-0.000832742
10/30/2019,0.211832013,-0.004673393,0.00261913,1.798,-0.023825096,-0.030134987,-0.016111663,0.012114906,0.003248048
10/31/2019,-0.186239638,0.004244824,0.008653335,1.691,-0.000667373,-0.003934534,0.03660492,-0.002252104,-0.003027452
11/4/2019,-0.304526118,-0.003941063,-0.005777607,1.786,0.019011526,0.021315269,0.006031595,0,0.003697211
11/5/2019,-0.275448007,-0.017410723,-0.006122439,1.866,-0.007473715,0.015700583,0.012129884,-0.018201787,-0.001186434
11/6/2019,-0.169178731,0.004384431,0.006066182,1.814,0.001962481,0.012022644,-0.015495996,0.006327857,0.000702279
11/7/2019,-0.057700713,-0.010625497,-0.00999351,1.926,-0.010018996,-0.01906052,0.01409715,-0.017601321,0.002726407
11/8/2019,-0.324984367,-0.001187654,-0.000539972,1.933,-0.051214084,-0.020232803,0.001573564,-0.001982568,0.002557356
11/11/2019,0.56029691,-0.000770699,0.000255813,1.943,-0.033431848,-0.021270097,-0.006660848,-0.003976966,-0.001964373
11/12/2019,-0.535177849,-0.000627537,0.00295132,1.909,0.006586553,0.007271882,-0.00105578,-0.0023387,0.001563398
11/13/2019,-0.17490725,0.001816027,0.002547015,1.87,-0.000839701,0.007546401,0.005617992,0.006589357,0.000711297
11/14/2019,0.332374683,0.007995551,0.005046529,1.815,-0.011437202,-0.012072603,-0.006146301,0.006886,0.000836743
11/15/2019,-0.560609659,0.002043875,-0.001660569,1.834,-0.025129398,-0.0298966,0.016595717,-0.003062164,0.007666003
11/18/2019,-0.255848257,0.010630208,0.002742676,1.808,-0.031824239,-0.024939192,-0.011675658,0.002450481,0.000503004
11/19/2019,-0.005954368,-0.000319699,0.002735174,1.786,-0.012490375,-0.017340762,-0.03278398,0.001630324,-0.000592739
11/20/2019,0.022310637,-0.00303583,0.00342593,1.738,-0.022039072,-0.009951562,0.033835136,0,-0.003763266
11/21/2019,0.008400696,-0.010536505,-0.004154578,1.772,-0.049086768,-0.0844943,0.025414109,-0.00694731,-0.001584031
11/22/2019,-0.342798512,-0.005355803,0.000812689,1.774,-0.046352065,-0.071852781,-0.013923732,0,0.002172574
11/25/2019,0.482631036,0.002200397,0.002657642,1.764,0.013839371,0.025177193,0.0041458,-0.00445252,0.007479299
11/26/2019,-0.422250525,0.009977451,0.003736706,1.74,0.010057836,0.016846645,0.006871699,0.002194487,0.002193123
11/27/2019,0.398933406,0.008309497,-2.78E-05,1.767,0.042486626,0.026795063,-0.005149342,-0.004393801,0.004165779
11/29/2019,-0.38150799,-0.004877274,-0.001114005,1.776,0.03917091,0.023364738,-0.051918439,0.008359076,-0.004019317
12/2/2019,-0.017459221,-0.011629477,-0.008071046,1.836,-0.013875477,-0.01416582,0.014217823,-0.002254176,-0.008668528
12/3/2019,0.73342108,0.002955626,0.012935275,1.709,-0.000251708,-0.007425483,0.002498663,0.010814593,-0.006660172
12/4/2019,-0.129244141,0.003733946,-0.006132813,1.781,-0.009348133,-0.008202706,0.040693644,-0.002845338,0.006303639
12/5/2019,0.519557444,0.000141827,-0.000669792,1.797,0.026704768,0.016900933,0,0.001965503,0.001499152
12/6/2019,-0.741364989,0.001584789,-0.002235887,1.842,0.013162839,-0.000365563,0.013092085,-0.012125489,0.009094252
12/9/2019,0.562875775,0.001890625,0.002152131,1.829,-0.021844254,-0.020298884,-0.003045172,0.000137061,-0.003167849
12/10/2019,-0.110890651,-0.006083395,0.000851189,1.833,-0.016728999,-0.013298544,0.00372062,0.002258805,-0.001097555
12/11/2019,-0.116533816,-0.010461566,0.003397528,1.79,-0.008373984,-0.01834664,-0.008135638,0.00463848,0.002903981
12/12/2019,-0.070891652,-0.015694629,-0.0085436,1.897,0.003555472,0.013803256,0.007122296,-0.001839175,0.008538608
12/13/2019,-0.10633565,0.000159227,0.009557834,1.819,0.003658879,-0.004538014,0.014926902,0.006049707,7.26E-05
12/16/2019,0.469714236,0.006651874,-0.004969836,1.892,-0.031216548,-0.06869317,0.002327903,-0.000406697,0.007122392
12/17/2019,0.029235594,-0.009734902,5.58E-05,1.889,-0.04302814,-0.085996519,0.012051322,-0.000271223,0.000335215
12/18/2019,0.889367946,0.011894181,-0.002473087,1.924,0.091502039,0.082083332,-0.000164109,-0.001357221,-0.000432354
12/19/2019,-0.666083857,0.009125152,0.001495761,1.908,-0.0102156,-0.028743339,0.004748269,0.003795585,0.004449309
12/20/2019,0.099440837,0.00635271,-0.00128594,1.917,0.002215026,-0.00197441,-0.012822796,-0.002370552,0.004932641
12/23/2019,0.825464244,-0.006039991,-0.001371627,1.935,-0.020981219,-0.028803646,0.001322752,0.005275273,0.000865757
12/24/2019,-0.171204961,0.001367039,0.00262963,1.91,-0.004509591,0.003491175,0.00970163,0.011135076,-0.000195428
12/27/2019,-0.595437812,0.008305298,0.003443496,1.874,0.007037181,0.00673084,0.000648298,0.002977079,3.40E-05
12/30/2019,0.017716081,-0.003528729,-0.002675699,1.895,-0.017622203,-0.015890864,-0.000648298,0.000462306,-0.005797602
12/31/2019,-0.109270388,0.009100226,-0.002948762,1.919,-0.013722695,-0.023053027,-0.010102742,0.003295982,0.002941694
1/2/2020,-0.053042736,-0.015100551,0.003144107,1.882,-0.030272928,-0.026273107,0.001963351,0.003285154,0.008343874
1/3/2020,0.323041705,0.009051533,0.006217118,1.788,0.050171746,0.051708737,0.030107724,0.016072181,-0.00708491
1/6/2020,0.863227887,0.000877432,-0.006147361,1.811,0.047161467,0.057235288,0.003483221,0.010913635,0.003527166
1/7/2020,-0.366454017,-0.012041497,-0.002598239,1.827,0.049526889,-0.0052817,-0.009049836,0.003569156,-0.002807145
1/8/2020,0.106539066,0.004168642,-0.004682667,1.874,-0.010321673,-0.016052599,-0.050538102,-0.009203695,0.004890437
1/9/2020,-0.60590026,-0.000494123,0.004179002,1.858,-0.025164851,-0.016264651,-0.000839137,-0.00366666,0.006633244
1/10/2020,0.313258914,0.00843145,0.005943844,1.825,0.035837017,0.035237416,-0.008769028,0.003730868,-0.002859307
1/13/2020,0.342992399,0.01159148,-0.001294589,1.848,-0.005913064,-0.011357144,-0.01639381,-0.005859832,0.00695206
1/14/2020,-0.043927791,-0.003972625,0.001391963,1.818,0.080596506,0.140333169,0.002579315,-0.003882495,-0.001515687
1/15/2020,-0.013230623,0.008703874,0.003374417,1.788,-0.002353749,0.00165768,-0.007238915,0.006269208,0.001868409
1/16/2020,0.36891932,0.008087724,-0.001664956,1.809,-0.009494746,-0.011128701,0.012206805,-0.001999291,0.008331742
1/17/2020,0.097888309,0.000817714,-0.001751192,1.836,0.023255339,0.03812813,0.000341705,0.006306733,0.003854706
1/21/2020,0.692183325,0.010184654,0.007412727,1.769,0.010141928,0.015300238,-0.003422317,-0.001540832,-0.002655477
1/22/2020,0.078780878,-0.006732283,0.002454158,1.769,-0.007461951,-0.008302036,-0.027808535,-0.000707009,0.000289046
1/23/2020,0.477661399,0.008162774,0.003079845,1.74,-0.032115368,-0.032401584,-0.0204761,0.005961747,0.001140314
1/24/2020,-1.345671391,-0.003237146,0.005558156,1.681,0.004618933,0.000752317,-0.025506939,0.004145811,-0.009083269
1/27/2020,0.141078598,-0.004624908,0.003937683,1.605,0.035760425,0.01683652,-0.019566449,0.003621466,-0.015855725
1/28/2020,0.480547264,0.003189701,-0.00344633,1.641,0.049140657,0.031326512,0.006377812,-0.004831542,0.01000335
1/29/2020,0.142196276,-0.004154822,0.005782526,1.594,-0.004493659,-0.007512269,-0.002808728,0.000382287,-0.000867223
1/30/2020,-0.205650394,0.001140526,-4.07E-05,1.558,0.020437037,0.053607732,-0.022566616,0.008689364,0.003129454
1/31/2020,0.311246176,-0.012668993,0.001003472,1.52,-0.016805049,-0.024835016,-0.01118623,-0.000378979,-0.017864476
2/3/2020,0.622128231,0.00249602,0.000460717,1.52,-0.00545597,0.00659229,-0.028525589,-0.003607485,0.007228456
2/4/2020,0.403500471,0.010335809,-0.006769457,1.603,-0.012185454,-0.00324161,-0.010028163,-0.017138161,0.014869265
2/5/2020,0.310045669,-0.000150298,-0.003360934,1.649,0.046028348,0.076175949,0.022719192,0.004761607,0.011187823
2/6/2020,-0.014772033,0.004062785,0.002978958,1.644,0.012033085,0.038936451,0.003933142,0.00467515,0.003320129
2/7/2020,0.536737303,-0.000723863,0.00795041,1.578,0.006774835,0.047758146,-0.012442147,0.002233782,-0.005415471
2/10/2020,0.650847104,0.012345621,0.001852792,1.547,-0.026042506,-0.022366996,-0.0150168,0.003881276,0.007299652
2/11/2020,0.48247901,0.00816695,-0.003397152,1.59,0.035052447,0.053688083,0.007436473,-0.005795641,0.001687075
2/12/2020,0.030291005,0.005646942,-0.003640022,1.63,0.011475405,0.118060131,0.024331138,0.001149059,0.006441868
2/13/2020,-0.441056053,0.005349237,0.001617914,1.617,-0.010873763,0.01009601,0.004873779,0.004900567,-0.001631773
2/14/2020,-0.083066599,0.010314031,0.003133204,1.588,0.009523015,0.058382565,0.012177593,0.004813487,0.001841845
2/18/2020,0.268800115,-0.001401824,0.003325091,1.556,0.045575692,0.056848857,0,0.01087138,-0.002924252
2/19/2020,-0.502928012,-0.014103342,-0.001485463,1.57,-0.051449984,-0.081937089,0.023543901,0.004676548,0.004694789
2/20/2020,-0.200847288,0.01218306,0.00226782,1.525,-0.002589266,-0.007009752,0.009152955,0.005645001,-0.00382284
2/21/2020,0.379054978,0.003812853,0.002787224,1.471,0.008081532,0.029230051,-0.007465507,0.017172015,-0.010573815
2/24/2020,0.291434422,-0.013942933,0.005484389,1.377,-0.028031992,-0.031684227,-0.037214484,0.016762527,-0.034088046
2/25/2020,0.034509981,-0.026748935,0.003217605,1.33,-0.032487238,-0.067853238,-0.030200657,-0.015364988,-0.030747925
2/26/2020,-0.158456635,-0.010638586,-0.000333296,1.31,-0.057407688,-0.093573726,-0.023726146,-0.004198491,-0.003785675
2/27/2020,-0.211028576,-0.056411699,-0.002416379,1.299,-0.004092966,0.004743776,-0.034234193,0,-0.045168174
2/28/2020,0.06216332,-0.025322606,0.011059384,1.127,-0.012836218,3.14E-05,-0.050745781,-0.047385663,-0.00827245
3/2/2020,-0.201918265,0.043614518,0.004470622,1.088,0.03525074,0.051616085,0.043499372,0.017868933,0.045010865
3/3/2020,0.695970332,-0.002279743,0.006753637,1.01,-0.009274765,-0.026768573,0.009155818,0.030796399,-0.02851053
3/4/2020,-0.337358654,0.038205148,0.000718574,0.992,-0.003709744,0.000170803,-0.008514313,-0.000609162,0.041336351
3/5/2020,-0.176020906,-0.029858304,0.006106591,0.926,0.036284842,0.020936674,-0.018990644,0.015298862,-0.034510726
3/6/2020,0.011375164,-0.008950437,0.021065038,0.706,0.004811004,0.060328389,-0.106086996,0.002636943,-0.017201002
3/9/2020,-0.075507553,-0.080030644,0.003856454,0.499,-0.023014293,0.006443287,0.098721113,-0.009239327,-0.079010395
3/10/2020,-0.310452061,0.042220706,-0.029540317,0.748,-0.001757685,-0.006053775,-0.04099178,-0.01072575,0.048215081
3/11/2020,-0.472681804,-0.064331387,-0.009117887,0.82,0.000214989,-0.029821111,-0.045913771,-0.032255868,-0.050102857
3/12/2020,0.342752491,-0.104290252,-0.026903026,0.849,-0.464730175,-0.550731744,0.00727506,-0.047416289,-0.099944852
3/16/2020,-0.192243679,-0.198730758,0.011939422,0.728,-0.072645058,-0.124053496,-0.062913825,0.025908185,-0.127652141
3/17/2020,0.26038993,0.06211505,-0.038014252,0.997,0.041245526,0.029722932,-0.279920067,-0.031712737,0.058226287
3/18/2020,-0.496436886,-0.100993426,-0.046488483,1.266,0.002448204,0.007863501,0.2135741,0.000879597,-0.053222336
3/19/2020,1.145820772,0.002893454,-0.005075515,1.119,0.167104324,0.173452354,-0.117237982,0.003645451,0.004696846
3/23/2020,-0.044842678,-0.057951559,0.043166847,0.764,0.095783238,0.089827849,0.027445252,0.057775114,-0.029731491
3/24/2020,0.38731579,0.091517571,0.018866725,0.816,0.048444709,0.028136435,0.019794461,-0.016948014,0.089683157
3/25/2020,-0.218879153,0.049915989,0.025455308,0.858,-0.00801156,-0.018661997,-0.080314965,0.010845829,0.011468999
3/26/2020,-0.097287818,0.06840444,0.01332307,0.811,0.005281211,0.015776006,-0.049431963,-0.016005229,0.060543829
3/30/2020,0.419081346,0.018929003,0.011210804,0.67,0.082268449,0.056658402,0.019226621,-0.024085522,0.032966616
3/31/2020,0.841540537,-0.023252235,-0.0032496,0.698,0.001368107,0.005170975,-0.008335425,-0.003289477,-0.016142382
4/1/2020,-1.381641644,-0.069371275,-0.000643147,0.635,0.025777803,0.015162043,0.220481222,0.029653535,-0.045146329
4/2/2020,0.550097346,0.005048237,0.002209088,0.627,0.027888756,0.046068125,0.112679637,0.004908889,0.022572696
4/6/2020,-0.358720095,0.072130623,-0.002451918,0.676,0.068384015,0.164042374,-0.098651646,-0.007301487,0.067968231
4/7/2020,1.026803307,0.006826695,5.37E-05,0.736,-0.013201383,-0.02413929,0.059952269,0.000360339,-0.001604332
4/8/2020,0.023412441,0.066437429,0.004857529,0.764,0.021734626,0.044655449,-0.097464751,0.041633482,0.033489345
4/14/2020,-0.683810045,-0.015717167,0.001822437,0.752,-0.000381351,0.008390842,-0.012006147,-0.016935449,0.030114497
4/15/2020,0.630836659,-0.041955068,0.006020535,0.638,-0.029712937,-0.027725968,0,-0.003944778,-0.022276751
4/16/2020,0.895300456,-0.011668405,0.006049217,0.609,0.069029113,0.11609775,-0.083950686,-0.018301778,0.005799859
4/20/2020,0.430601081,-0.038906573,0.002282247,0.626,-0.043707893,-0.052668152,-0.367109821,-0.013847194,-0.018042794
4/21/2020,0.504065235,-0.017572153,0.003026308,0.571,-0.000237643,0.002553575,0.319633672,0.02964789,-0.031155168
4/22/2020,-0.112087043,0.016844066,-0.006087786,0.619,0.033849813,0.055521398,0.180142115,0.002657425,0.022671301
4/23/2020,0.23773309,-0.010199871,0.005713228,0.613,0.042973347,0.013215129,0.026317308,-0.005669999,-0.000539564
4/27/2020,-0.248185934,0.033667431,-0.007478827,0.656,0.014957356,-0.000470515,-0.03503543,-0.000818139,0.014606872
4/28/2020,-0.29786957,0.008640971,0.004310072,0.61,0.001468663,0.006018993,0.199196204,-0.004159472,-0.005256139
4/29/2020,0.608521602,0.013554993,-0.001361118,0.627,0.119841406,0.089388179,0.223940047,-0.01133558,0.026236663
4/30/2020,0.56715667,-0.011340084,-0.00220765,0.622,-0.016321978,-0.044127911,0.048689057,0.006097038,-0.009255117
5/4/2020,0.213649809,-0.003427255,-0.00010411,0.637,0.001705272,-0.013166942,0.186074519,-0.001465717,0.004240812
5/5/2020,0.403874018,0.004717496,-0.001497776,0.657,0.010093567,-0.006745982,-0.023482026,-0.011922469,0.008999952
5/6/2020,-0.09184838,-0.01797072,-0.009560302,0.711,0.029084126,-0.013234922,-0.018511256,0.022079582,-0.007003873
5/7/2020,0.279405089,0.013382796,0.007485762,0.631,0.071075367,0.039557082,0.049295547,-0.006935366,0.011438949
5/11/2020,-0.131978268,0.009106811,-0.008276967,0.726,-0.017817357,-0.014348086,0.065728782,0.005353426,0.000133106
5/12/2020,-0.100856004,-0.047076359,0.003353417,0.678,0.023289397,0.018121116,-0.019189937,0.005558333,-0.020713427
5/13/2020,0.514190742,-0.022898035,0.006712718,0.649,0.051521607,0.050876536,0.085956385,0.014021087,-0.017616956
5/14/2020,0.447734356,0.002869611,0.00322818,0.619,0.048814308,0.018679569,0.065649116,0.008764198,0.011458918
5/18/2020,0.603016285,0.057076949,-0.002993975,0.744,0.005757095,0.034941415,0.021145066,0.007134668,0.031015221
5/19/2020,-0.251816688,-0.01408226,0.008955166,0.711,0.000253181,-0.00501872,0.030006797,0.003662589,-0.010539757
5/20/2020,0.501437305,0.008597541,0.009198599,0.68,-0.021407054,-0.015839722,0.012757924,-0.01734364,0.016513934
5/21/2020,0.097134166,-0.001113666,-0.000775174,0.677,-0.047439781,-0.049832869,-0.019950044,0.008161893,-0.007803935
5/26/2020,0.127325628,0.036054646,-0.00269655,0.698,-0.008103064,-0.016784529,-0.045868672,0.003220992,0.012214262
5/27/2020,0.006681539,0.019438418,0.000103351,0.68,0.038410971,0.033896631,0.027061182,0.001752542,0.014718493
5/28/2020,-0.100317144,0.005253051,-0.003014486,0.705,0.036860715,0.051221325,0.051456437,0.01368058,-0.002110171
6/1/2020,0.250967688,0.023194908,-0.002368937,0.662,0.071989317,0.067042431,0.037928422,-0.00727696,0.003744242
6/2/2020,0.028546507,0.006755096,-0.001638361,0.68,-0.064749475,-0.040370979,0.012955647,-0.01600969,0.008177279
6/3/2020,0.034777474,0.03079919,-0.003142318,0.761,0.013229695,0.028918881,0.003212854,0.012351256,0.013556655
6/4/2020,-0.328205717,-0.010964129,-0.006418691,0.82,0.014793539,0.001011331,0.055627646,-0.025155225,-0.003374383
6/8/2020,-0.076125458,0.024461055,0.003034113,0.884,0.00129406,0.004649885,0.019448299,0.009610387,0.011969668
6/9/2020,0.454399513,-0.015486565,0.002986046,0.829,0.002474648,-0.005693795,0.016807118,-0.000816803,-0.007829755
6/10/2020,0.126670302,-0.025993126,0.005391197,0.748,0.007565917,0.010291388,-0.085910055,0.010855475,-0.005327243
6/11/2020,-0.269771146,-0.065666319,0.005721317,0.653,-0.057155719,-0.065733175,-0.002203858,-0.001560108,-0.060752759
6/15/2020,0.220567136,0.01269997,6.45E-05,0.702,0.006785862,-0.018040996,0.033380583,0.005391474,0.008277851
6/16/2020,-0.046319017,0.019389444,0.002858175,0.756,0.009197339,0.019327862,-0.011003517,-0.000231294,0.018784885
6/17/2020,0.075212741,-0.006431046,-0.000527246,0.733,-0.006075177,-0.005938233,0.02291767,-0.002547772,-0.003606796
6/18/2020,0.72222585,-0.017212844,0.003184961,0.694,-0.007242644,-0.003986461,0.023159198,0.01215908,0.000594012
6/22/2020,0.550112477,-0.003366117,0.000602668,0.704,0.036420399,0.057461002,-0.002226897,0.008728235,0.006474056
6/23/2020,-0.075176919,-0.004455945,-0.003068413,0.709,-0.001977301,0.006612083,-0.060237652,-0.003561439,0.004298191
6/24/2020,0.126891752,-0.027314444,-0.000372959,0.684,-0.033370923,-0.03488345,0.018506979,-0.002097566,-0.026195279
6/25/2020,-0.613503118,0.012017221,0.001747848,0.674,-0.005253081,-0.012067011,-0.005957795,0.0058847,0.01089985
6/29/2020,0.240822479,0.016761867,-0.002536479,0.636,0.005156697,0.012557775,-0.010890319,0.010202454,0.014578908
6/30/2020,-0.219990726,0.012136991,0.00276675,0.653,-0.005768118,-0.008272114,0.01390843,-0.011104371,0.015292334
7/1/2020,0.384180559,0.023811329,0.001546553,0.682,0.009836785,0.020980738,0.020629537,0.00607221,0.005009542
7/6/2020,0.340068982,-0.000414172,0.002729796,0.684,0.032690364,0.059038323,-0.000246154,0.008740001,0.015756943
7/7/2020,-0.183483795,-0.019770137,0.00547517,0.65,-0.013227475,-0.010132272,0.006869507,0.006243632,-0.010877509
7/8/2020,0.242927522,-0.001495218,-0.00061809,0.653,0.018849585,0.031271932,-0.031796022,-0.00901879,0.007797026
7/9/2020,-0.1131297,-0.006201024,0.008781298,0.605,-0.016076773,-0.014924339,0.023201739,-0.000555957,-0.005659625
7/13/2020,0.514455392,-0.012715566,0.000213079,0.64,-0.003551358,-0.010491791,0.004726965,-0.000220897,-0.009406624
7/14/2020,-0.007541151,0.008525411,0.001652955,0.615,-4.33E-05,0.002529733,0.022334957,0.000441745,0.013317285
7/15/2020,-0.16037066,0.009041522,0.000475345,0.63,-0.005465062,-0.007471131,-0.010982417,-0.007035845,0.009041045
7/16/2020,-0.303883704,-0.012913208,0.003084245,0.612,-0.006614939,-0.020263348,-0.003934109,0.005322996,-0.003411918
7/20/2020,-0.012831979,-0.012487455,0.002442825,0.62,-0.002352686,-0.009836362,0.027789634,0.014487857,0.008371764
7/21/2020,-0.173648213,0.002558665,0.002138799,0.607,0.022726572,0.036845858,-0.001430957,0.011709293,0.001677641
7/22/2020,0.339308569,0.016144489,0.001836707,0.595,0.015923467,0.067745415,-0.020007899,0.013322162,0.00573064
7/23/2020,-0.127648079,-0.005447895,0.002921843,0.582,0.005831453,0.046567868,0.005342412,0.004331298,-0.012396345
7/27/2020,0.268604351,0.010972843,-0.002649533,0.609,0.104008666,0.037619386,-0.013552966,0.00706972,0.00736792
7/28/2020,-0.145833969,0.020152364,0.001399927,0.581,-0.007126664,-0.015221416,0.005588643,0.004514912,-0.006494444
7/29/2020,0.416580373,0.019048234,-0.002528728,0.579,0.017048707,0.004831496,-0.033258392,-0.005749798,0.012351783
7/30/2020,-0.310436711,-0.006884723,0.005014031,0.541,0.000967608,0.05024438,0.008729323,0.010499187,-0.003757311
8/3/2020,-0.166746704,-0.012823141,-0.004636583,0.563,0.017286053,0.041284931,0.016685189,0.017745979,0.007155366
8/4/2020,-0.383158739,0.01324482,0.005057026,0.515,-0.003603747,0.009225671,0.011682097,0.014830518,0.003605453
8/5/2020,-0.14662918,-0.003670505,-0.000593619,0.543,0.047160038,0.029605675,-0.005704793,0.009993715,0.006409158
8/6/2020,0.053538757,0.001560153,0.001606903,0.536,0.002784145,-0.016643683,-0.017554857,-0.020386761,0.006407158
8/10/2020,-0.13291888,0.000114992,-0.002785603,0.574,0.017184201,0.012114688,-0.007899502,-0.046407114,0.002738483
8/11/2020,0.196073274,-0.016064816,-0.011283354,0.658,-0.040161113,-0.039948827,0.025155574,0.001189399,-0.008001047
8/12/2020,0.529604545,0.01099368,-0.002096108,0.67,0.015169301,0.027587937,-0.010128458,0.011203735,0.013899456
8/13/2020,-0.436331607,-0.01369882,-0.007744643,0.716,0.017048854,0.092085478,-0.005459954,-0.010118996,-0.002049224
8/17/2020,-0.22961226,0.00935578,0.000977461,0.683,0.02995176,-0.009858259,0,0.007228221,0.002706209
8/18/2020,0.546038999,-0.002119911,0.002344548,0.669,-0.021709414,-0.013741271,0.000932184,-0.020566148,0.002300729
8/19/2020,-0.447974313,-0.016207142,-0.000962501,0.675,-0.019617887,-0.041458413,-0.008186223,-0.012794009,-0.004414144
8/20/2020,-0.091658784,0.005524672,0.003566735,0.644,0.010161328,0.024247074,-0.005652394,0.000413608,0.003153681
8/24/2020,-0.121394981,0.003711374,0.001170923,0.646,0.009364458,0.041930104,0.016983077,-0.008282376,0.009993581
8/25/2020,-0.222964413,0.002231975,-0.004477045,0.682,-0.035306004,-0.060975278,0.000922297,0.015003526,0.003589874
8/26/2020,0.063050949,-0.008040721,-0.001783783,0.687,0.010696334,0.006398963,-0.008099084,-0.00989056,0.010144041
8/27/2020,0.100621659,0.018342715,-0.010910843,0.746,-0.014463478,-0.009968883,-0.001627718,0.02213049,0.001671626
9/1/2020,0.769789978,-0.003776734,0.004869575,0.672,0.024495288,0.092095982,-0.029668724,-0.017322219,0.007496876
9/2/2020,-0.839384773,0.011863239,0.007203818,0.651,-0.047599829,-0.08075855,-0.003378382,-0.003521495,0.015248998
9/3/2020,-0.006189193,-0.006970705,0.002677177,0.622,-0.108024907,-0.13187966,-0.039443121,-0.00192133,-0.035757587
9/8/2020,-0.044538802,-0.002086134,0.004556566,0.684,-0.023223906,-0.043674658,0.034490787,0.006034523,-0.028148867
9/9/2020,0.213891675,0.003629701,-0.004099974,0.703,0.010879836,0.039231592,-0.019907758,0.004873179,0.019944799
9/10/2020,0.087861356,-0.005793353,0.004314633,0.685,0.011724294,0.047260186,0.000803966,-0.008427594,-0.01774124
9/14/2020,0.300439243,0.030086859,0.001360099,0.671,0.034003651,0.031500291,0.027007201,0.00163708,0.012661315
9/15/2020,-0.321666381,0.017045306,-0.001196285,0.679,0.010812511,-0.033501373,0.047943909,0.001991575,0.005205812
9/16/2020,-0.744078673,0.007488059,-0.001021122,0.687,0.016347532,0.002663605,0.019968616,-0.010358536,-0.004629658
9/17/2020,0.415772646,-0.03033865,0.00332427,0.684,-0.002364092,0.061508445,0.003411309,0.006217743,-0.008447955
9/21/2020,-0.403290649,-0.03551419,-7.56E-05,0.671,-0.04449331,-0.08215942,0.007350179,-0.001368493,-0.011638591
9/22/2020,0.222107091,0.020895921,0.000831716,0.664,0.007256944,0.007918283,0.008298803,-0.02059405,0.010463014
9/23/2020,-0.481293453,-0.035796668,-0.001802927,0.676,-0.028125829,-0.070299935,0.009471656,0.004506204,-0.024007294
9/24/2020,1.043000164,0.012327246,-0.00011358,0.666,0.048936137,0.08428692,-0.001489573,-0.005689763,0.002982954
9/28/2020,0.568610964,0.021123296,-0.001658554,0.663,-0.006108227,-0.006396569,-0.032798033,0.01141474,0.015982151
9/29/2020,-0.36760101,-0.011894864,0.003314361,0.645,0.012525584,0.012863103,0.023394351,-0.003596175,-0.004824245
9/30/2020,-0.449942186,0.008679842,-0.002693664,0.677,-0.005561904,0.000501548,-0.038008122,0.011011993,0.008219834
10/1/2020,0.122480388,-0.000659248,-2.53E-05,0.677,-0.015421675,-0.018880243,-0.044087911,-0.004306051,0.005278935
10/5/2020,-0.060501294,-0.000640386,-0.006425081,0.762,0.011532278,0.003900096,0.036303899,-0.005978621,0.017813057
10/6/2020,-0.124714008,0.012960364,0.008452169,0.742,-0.017659664,-0.037832512,-0.017862048,-0.009247827,-0.014072027
10/7/2020,0.162981079,-0.005187161,-0.005979034,0.785,0.006069812,0.00290877,0.030566836,0.002650974,0.017247172
10/8/2020,0.161300345,0.009918471,0.00452248,0.765,0.022861385,0.025868653,-0.014427442,0.016228922,0.007978173
10/12/2020,0.092164068,0.000843069,0.000215784,0.777,0.014924866,0.033007698,0.019340048,-0.017843559,0.016282508
10/13/2020,-0.089672717,-0.017215121,0.007183085,0.727,-0.011267026,-0.017012531,0.020680205,0.006755,-0.00632688
10/14/2020,0.172815019,-0.00978326,0.000743181,0.722,0.000315674,-0.004487407,-0.00195122,0.000998817,-0.006645169
10/15/2020,0.339281569,0.008721899,-0.002875015,0.731,0.005744241,-0.005396066,-0.001955035,-0.00126183,-0.001528971
10/19/2020,0.345754173,-0.007377803,-0.001669407,0.761,0.022276341,0.004542448,0.015312002,0.002095997,-0.016464624
10/20/2020,-0.470054534,0.003348216,-0.005724928,0.797,0.014734826,-0.028834202,-0.035099934,0.00740551,0.004716138
10/21/2020,0.469799984,-0.004684642,-0.002192005,0.816,0.073384054,0.060578761,0.01512363,-0.012285488,-0.002198097
10/22/2020,0.408303913,0.001188054,-0.002810749,0.848,0.011027988,0.053571121,-0.019630398,0.000473298,0.005205374
10/26/2020,0.238613207,-0.011737762,0.00519323,0.801,0.003376507,-0.030822021,0.025855786,0.003200842,-0.018764495
10/27/2020,-0.494748806,-0.00418478,0.002586536,0.778,0.043327559,0.025340169,-0.056667966,-0.017226318,-0.003030194
10/28/2020,0.511922201,-0.036279927,-0.002688105,0.781,-0.028445849,-0.038726408,-0.033173243,-0.005665738,-0.035925571
10/29/2020,-0.132123272,0.016059641,-0.008095146,0.835,0.012475103,-0.004954102,-0.010561521,0.006305124,0.011876501
11/2/2020,-0.207130609,0.015159242,0.002406032,0.849,-0.01367823,-0.033874167,0.028101023,0.006900606,0.012242942
11/3/2020,0.348076888,0.032169166,-0.001547899,0.882,0.029078415,0.011535343,0.022828976,0.009529146,0.017642761
11/4/2020,-0.234256168,0.011372242,0.014804731,0.768,0.013061445,0.036825769,0.038801899,-0.007309859,0.021807517
11/5/2020,-0.23625322,-0.001623006,0.001978489,0.776,0.097415811,0.029223391,-0.009237941,0.026408472,0.019273263
11/6/2020,0.9307068,-0.011002543,-0.004062021,0.82,-0.00089693,0.093651657,-0.043467926,0.002567,-0.000287754
11/9/2020,-0.001941859,0.051829812,-0.011531279,0.958,-0.0095582,-0.020924318,0.081408743,-0.051069332,0.011631958
11/10/2020,0.273663622,-0.008313285,-0.001894304,0.972,-0.002704687,0.012343651,0.026210931,0.011908095,-0.001400783
11/11/2020,0.100286354,0.01113044,7.69E-05,0.958,0.026488016,0.029106439,0.002173651,-0.007869209,0.007622761
11/12/2020,-0.762185005,-0.013577823,0.009638137,0.885,0.035966701,-0.00423233,-0.00799326,0.006375079,-0.010028679
11/13/2020,0.817501818,0.019174193,-0.000114195,0.893,0.002544313,0.029118544,-0.024370437,0.006971265,0.013518577
11/16/2020,0.10291094,0.013626752,0.000253749,0.906,0.046563899,0.02728816,0.02970637,0.000848132,0.011580732
11/17/2020,0.08640581,0.003930482,0.00501102,0.872,0.054102476,0.043439267,0.002174702,-0.001484703,-0.004803476
11/18/2020,0.041826103,-0.005859893,0.002055344,0.882,0.008948,-0.001825311,0.009369438,-0.005854194,-0.011631213
11/19/2020,-0.007070653,-0.016135283,0.004210956,0.854,0.00073462,-0.016514976,-0.001914792,-0.006640628,0.003938654
11/20/2020,-0.053641019,0.000127109,0.005067293,0.829,0.044148763,0.077714057,0.009774783,0.006160129,-0.006815716
11/23/2020,0.177241472,0.007314618,-0.002574229,0.857,-0.000320185,0.086440356,0.021359807,-0.018758635,0.005620095
11/24/2020,-0.280822663,0.002771142,-0.00330873,0.882,0.039680268,-0.007516459,0.042065995,-0.018119422,0.016032508
11/25/2020,-0.231870938,-0.005943623,-0.000577643,0.878,-0.019839332,-0.056564644,0.017656605,0.000498546,-0.001585672
11/27/2020,-0.391900668,-0.003789247,0.005661125,0.842,-0.002464795,-0.002523287,-0.003945643,-0.013268117,0.002394057
11/30/2020,0.139805524,-0.011497445,0.001322983,0.844,0.076663152,0.065678652,-0.004181804,-0.003485499,-0.004606081
12/1/2020,-0.661796651,0.013936013,-0.008366677,0.934,-0.042830531,-0.045789289,-0.017577491,0.021394766,0.011208122
12/2/2020,0.783245622,-0.007248617,-0.001006707,0.948,0.020950814,0.018602909,0.01625328,0.006373998,0.001789549
12/3/2020,-0.613565908,0.00606535,0.006525554,0.92,0.012643316,0.03021705,0.007919091,0.006061452,-0.000624341
12/4/2020,0.551972198,0.009985911,-0.007583689,0.969,-0.039099467,-0.079894141,0.013493132,-0.000490103,0.008797424
12/7/2020,-0.18940002,-0.004489769,0.00443917,0.928,-0.007965956,-0.01686422,-0.01086731,0.014008937,-0.001937471
12/8/2020,0.369617861,-0.002273519,0.001065985,0.913,-0.04641846,-0.064584324,-0.003502631,0.004822385,0.002783261
12/9/2020,-0.371911966,-0.012996106,-0.005996812,0.941,0.012625041,0.033063817,-0.001755927,-0.019539673,-0.007980984
12/10/2020,-0.054513909,-0.002123083,0.004403686,0.908,-0.01569464,-0.024358977,0.027303971,-0.000545227,-0.001285943
12/11/2020,0.031983633,-0.004001932,0.000276156,0.893,-0.011347356,-0.025114785,-0.004499204,0.003375623,-0.001265761
12/14/2020,-0.233341764,0.000987686,-0.001029698,0.892,0.005431863,-0.006212691,0.008978256,-0.006051538,-0.004368796
12/15/2020,-0.145677291,0.011055281,-0.002566297,0.923,0.008816158,0.005690872,0.013318028,0.012822778,0.012838448
12/16/2020,0.355112284,0.003658157,0.001661297,0.92,0.093051598,0.076454688,0.004191121,0.002049402,0.001771278
12/17/2020,0.466049288,0.011299076,-3.77E-05,0.93,0.067782427,0.010456496,0.011229064,0.016616737,0.005741127
12/18/2020,-0.507678102,-0.014872255,-0.00181253,0.948,0.014487681,0.018407191,0.015186009,-0.000795144,-0.003517279
12/21/2020,-0.11491513,-0.013145306,0.001045123,0.941,-0.029138077,-0.04563369,-0.028089414,-0.00345295,-0.003913931
12/22/2020,0.19421934,0.005746512,0.003354633,0.918,0.042076568,0.040235005,-0.015196578,-0.00672756,-0.002075268
12/23/2020,-0.342781208,-0.004514407,-0.004097439,0.955,-0.023039437,-0.083983181,0.023124848,0.004330052,0.000745533
12/24/2020,0.133825229,0.008483284,0.003369674,0.928,0.021057909,0.046678046,0.002283343,0.002769937,0.003530337
12/29/2020,-0.02513262,-9.94E-05,0.000275658,0.935,0.010198177,0.001536069,0.00794817,0.001330885,-0.002229847
12/30/2020,0.563065598,0.001844199,0.00183995,0.926,0.052625182,0.027104735,0.008298803,0.0059936,0.001340648
12/31/2020,-0.388601902,0.007469276,0.002847119,0.917,0.005558802,-0.018552089,0.00247627,0.001109907,0.006418197
1/4/2021,-0.032260862,-0.021685729,-0.002834614,0.917,-0.025022468,0.064241993,-0.018723243,0.026892026,-0.014864718
1/5/2021,0.464125444,-0.002000209,-0.007657294,0.955,0.061280012,0.055870972,0.047369183,0.004105307,0.007057576
1/6/2021,0.37432251,0.001511285,-0.012260136,1.042,0.080021828,0.092915153,0.013922261,-0.023734143,0.005693661
1/7/2021,-0.498858022,-0.006319463,-0.001813075,1.071,0.066870924,0.015263361,0.003942445,0.002827819,0.014738221
1/8/2021,-0.318079662,0.002645204,-0.001854778,1.105,0.03559289,-0.001209006,0.027361754,-0.041752808,0.005476866
1/11/2021,-0.713738014,-0.012229079,-0.001576065,1.132,-0.075513901,-0.146582163,0.000191406,0.008415502,-0.006576374
1/12/2021,-0.201998016,0.002830925,-0.001373071,1.138,-0.047316478,-0.043793326,0.018206458,-0.003628982,0.000415746
1/13/2021,0.210630913,0.012784793,0.009877349,1.088,0.095339721,0.080353994,-0.005653992,0.005789276,0.002273018
1/14/2021,-0.306063741,0.013106248,-0.004690117,1.129,0.048921613,0.074710286,0.012396853,-0.001781906,-0.0037605
1/15/2021,0.068300428,0.003104825,0.002220352,1.097,-0.062166499,-0.039011473,-0.022846269,-0.011414408,-0.007215991
1/19/2021,-0.131880097,0.000141509,0.001833391,1.092,-0.015413523,0.09117179,0.011771543,0.005560416,0.008103481
1/20/2021,-0.130662373,0.020009395,-0.00026716,1.09,-0.014579217,0.003607921,0.00489551,0.014249715,0.013839369
1/21/2021,-0.057701612,-0.008568469,-0.004105421,1.109,-0.142528131,-0.208999691,-0.002068253,-0.000321612,0.000316681
1/22/2021,0.044642194,0.002152462,0.001034318,1.091,0.068333411,0.097564368,-0.016319148,-0.005159915,-0.003015127
1/25/2021,-0.125558336,0.011273591,0.004685698,1.04,0.002382269,-0.049490203,0.009520255,-0.000431197,0.003609282
1/26/2021,-0.41928032,0.005150023,-0.000190565,1.04,0.006266383,0.024348501,-0.003036632,-0.00226684,-0.001489946
1/27/2021,0.637912795,-0.009757935,0.002588571,1.014,-0.067874345,-0.079629185,0.004551497,-0.00313887,-0.02601329
1/28/2021,0.042800949,0.008933459,-0.004789044,1.057,0.095020259,0.061361001,-0.009696815,-0.00380146,0.009713335
1/29/2021,-0.225578172,-0.021269857,-0.002626547,1.093,0.025090071,0.036858951,-0.002678402,0.005101498,-0.019500406
2/1/2021,0.553542567,0.010503943,-0.00017874,1.077,0.012687542,0.040283973,0.025533302,0.007281389,0.015924269
2/2/2021,0.272687238,0.018979737,-0.003145944,1.105,0.057167939,0.101433154,0.022344204,-0.016417349,0.013802542
2/3/2021,-0.252788173,-0.007306945,-0.003117325,1.131,0.053773898,0.091822069,0.016840597,0.000928277,0.001008296
2/4/2021,0.295548631,0.009853186,-0.00102841,1.139,-0.014678677,-0.040640427,0.009649825,-0.023916525,0.01079483
2/5/2021,-0.309887369,0.000176776,-0.003130296,1.17,0.032458853,0.074814666,0.010965798,0.012223053,0.003889897
2/8/2021,0.864102612,0.002471529,0.003991661,1.16,0.171820562,0.078823982,0.019509415,0.01152972,0.007372105
2/9/2021,-0.265157323,0.005275662,-0.000488444,1.157,0.006142619,0.012188108,0.006705088,0.001854276,-0.001114118
2/10/2021,-0.144602167,0.004885517,0.00196518,1.133,-0.034203204,-0.013547895,0.00546823,0.00288365,-0.00034522
2/11/2021,-0.436716031,-0.002137033,-0.002608233,1.158,0.064467616,0.0224239,-0.007526549,-0.008566414,0.001661075
2/12/2021,-0.445290701,0.001143038,-0.005469782,1.2,-0.008478465,0.032938834,0.02089958,-0.001809955,0.004699921
2/16/2021,0.031307528,-0.007270131,-0.007516343,1.299,0.025835261,0.000716956,0.009705565,-0.013485338,-0.000569437
2/17/2021,0.272024586,0.00025718,0.001991682,1.301,0.058214152,0.037139008,0.017988768,-0.014629076,-0.000320451
2/18/2021,0.147195839,-0.000974953,0.001896868,1.287,-0.009038226,0.047020358,-0.010192428,0.001297785,-0.004425587
2/19/2021,0.182032697,0.006562332,-0.006367416,1.345,0.078285135,0.011656276,-0.0213769,0.001352418,-0.001856617
2/22/2021,0.430915157,0.004351032,-0.005882486,1.37,-0.059663447,-0.082685555,0.037277571,0.017250951,-0.007762903
2/23/2021,-0.483249457,0.004638975,-0.00326402,1.362,-0.104585244,-0.126526822,0.002923029,-0.00127385,0.001255499
2/24/2021,-0.565710174,0.009385762,-0.002243603,1.389,0.017881496,0.035271464,0.024823118,-0.004443464,0.011287715
2/25/2021,-0.379476214,-0.015741446,-0.008945102,1.518,-0.053969759,-0.097342013,0.004891528,-0.012322325,-0.024783435
2/26/2021,-0.27130746,-0.006788149,0.009645119,1.46,-0.016142075,-0.020310562,-0.03247506,-0.026439799,-0.004761484
3/1/2021,-0.379812112,-0.000554291,-0.00097722,1.446,0.09490116,0.099828432,-0.014082433,-0.003245815,0.02351213
3/2/2021,0.46596246,-0.014615277,0.001161992,1.415,-0.025554925,-0.047173558,-0.014785551,0.006134989,-0.008113671
3/3/2021,0.179795241,-0.001634137,-0.004086145,1.47,0.043664728,0.05427137,0.025284335,-0.01032372,-0.013152318
3/4/2021,-0.263060509,-0.026600611,-0.008530056,1.55,-0.039906122,-0.021772107,0.040769774,-0.008842101,-0.013508038
3/5/2021,-0.089322108,0.014822081,0.000213807,1.554,0.00751142,-0.005618715,0.03479415,-0.001294803,0.019308364
3/8/2021,0.420870915,0.023392745,-0.005117156,1.596,0.020103136,0.062739968,-0.015861245,-0.01202728,-0.005373684
3/9/2021,0.191482514,0.005500248,0.00403429,1.546,0.04815684,0.017998289,-0.016116884,0.022921783,0.014055441
3/10/2021,-0.506940994,0.006195521,0.002338057,1.52,0.02137418,-0.03757111,0.006695237,0.002850413,0.006012174
3/11/2021,1.550216174,0.013125393,-0.000680812,1.527,0.031573,0.014911169,0.024223168,0.000464603,0.010341818
3/12/2021,-0.519741961,0.002078365,-0.012280479,1.635,-0.008216873,-0.03006789,-0.006229603,-0.001627056,0.001014883
3/15/2021,-0.142471496,0.024208966,0.00274056,1.607,-0.058955208,-0.034483649,-0.009063738,0.000982801,0.006470977
3/16/2021,-0.239601902,-0.006098122,-0.00192976,1.621,0.015929471,0.008486249,-0.003091193,-0.002198184,-0.001570922
3/17/2021,0.072788389,-0.003186865,-0.004019902,1.641,0.035724187,0.009077543,-0.073869849,0.003122292,0.002875205
3/18/2021,-0.151973712,-0.001434109,-0.002852139,1.73,-0.017339152,-0.02251388,0.023390953,0.00529711,-0.014870521
3/22/2021,0.084554397,-0.007659874,0.007257034,1.684,-0.053456881,-0.0557015,-0.063553358,-0.007566823,0.00700056
3/23/2021,-0.085873213,0.005392944,0.003145883,1.638,0.003840115,-0.007527571,0.057523844,0.004743183,-0.007660101
3/24/2021,0.307753105,-0.009264836,0.002654193,1.614,-0.036551758,-0.052111446,-0.043768469,-0.004627228,-0.005482304
3/25/2021,-0.299706265,0.00417517,-0.00230526,1.614,-0.020485433,0.001220408,0.04033007,0.004223199,0.005226551
3/29/2021,0.066068765,-0.003617288,-0.005147011,1.721,0.031655029,0.073132826,-0.016542839,-0.016608156,-0.000868402
3/30/2021,0.379982172,-0.000941844,0.003425307,1.726,0.02001461,0.014376012,-0.023223832,0.017600596,-0.00316282
3/31/2021,-0.157960732,0.002127651,-0.000175026,1.746,1.94E-05,0.038432342,0.037978198,0.007383111,0.003615993
4/6/2021,-0.052631467,0.015499021,0.00533299,1.656,-0.014763898,0.004965007,0.007388783,-0.000804228,-0.000974012
4/7/2021,-0.779734814,0.001222506,-0.000984462,1.653,-0.037528871,-0.072070898,-0.002848289,0.009551389,0.001474143
4/8/2021,1.405081601,0.000597922,0.002114067,1.632,0.039787676,0.057901176,-0.004709057,-0.007714104,0.004211758
4/12/2021,-0.892922514,0.000536151,-0.001064963,1.675,-0.005187619,-0.008519329,0.008008051,0.008627189,-0.000196202
4/13/2021,0.136264968,0.009526422,0.004756915,1.623,0.058527143,0.072052332,0.048172778,-0.006492224,0.003289166
4/14/2021,0.179539338,0.001036082,-0.001512318,1.638,-0.006219938,0.057433963,0.004896937,0.017427519,-0.00409618
4/15/2021,0.02326323,0.00702201,0.011798846,1.53,0.003232251,0.033918262,-0.005213694,0.007674115,0.011033158
4/19/2021,0.394577658,-0.001069208,-0.005852228,1.601,-0.008788979,-0.032227633,-0.014942259,0.004454853,-0.005320582
4/20/2021,0.129871657,0.010850322,0.00421388,1.562,0.0133475,0.072989521,-0.017610924,0.008404352,-0.006825603
4/21/2021,-0.239263643,0.006659603,-0.000502612,1.564,-0.046519746,0.014714236,0.001303144,-0.006212417,0.009263025
4/22/2021,-0.307388313,-0.005663375,0.002576521,1.554,-0.040581884,0.016267604,0.011491589,-0.002360745,-0.009253352
4/26/2021,0.39611083,0.003215655,0.000989322,1.57,0.097479707,0.090121874,0.016500174,-0.000674688,0.001780638
4/27/2021,0.43912382,0.000729448,-0.005897616,1.622,0.018548319,0.049413545,0.014511296,-0.002703313,-0.000214942
4/28/2021,-0.24125814,-0.002786802,0.000291731,1.62,-0.003794255,0.030881028,0.017847917,-0.0028803,-0.000845888
4/29/2021,-0.239693873,0.002118217,-0.001047975,1.64,-0.023429674,0.003814773,-0.022242149,-0.000452565,0.006740033
5/4/2021,-0.546913983,-0.005925948,0.001440761,1.592,-0.069993636,-0.053105772,-0.000913798,0.004663061,-0.006700738
5/5/2021,-0.541715731,-0.015378366,0.001280401,1.584,0.073897086,0.07948025,-0.014117159,0.017446825,0.000703291
5/6/2021,-0.334391938,0.003136552,0.00205577,1.561,-0.018055093,-0.0090974,0.002931875,0.008555967,0.008132234
5/10/2021,0.447720303,0.0066942,-0.004088524,1.602,-0.041595541,0.005950736,0.005529968,-0.000871128,-0.010490499
5/11/2021,-0.256183142,-0.015546555,-0.005397514,1.624,0.015009957,0.053308362,0.012180419,-0.007270771,-0.008711732
5/12/2021,0.429370726,-0.019998896,-0.008110974,1.695,-0.142967147,-0.096334446,-0.034799508,0.000658183,-0.021682768
5/13/2021,-0.472356161,0.007163535,0.003769211,1.668,0.011442928,-0.018851438,0.023996817,0.007701379,0.012099654
5/17/2021,-0.348643861,0,0.001198785,1.64,-0.064883984,-0.08888312,-0.011839847,0.00016063,-0.002533244
5/18/2021,0.202623511,0.004547041,-0.001652034,1.642,-0.014531934,0.029322276,-0.033064712,0.00720176,-0.008553782
5/19/2021,-0.363879352,-0.013343155,-0.003954634,1.683,-0.148107076,-0.31745903,-0.020892236,0.000265738,-0.002947776
5/20/2021,-0.169083204,0.015070482,0.006178914,1.634,0.097275016,0.123556999,0.024358444,-0.00271385,0.010499444
5/24/2021,0.500347411,0.012444993,0.004002497,1.608,0.107222437,0.225649448,0.000302755,0.007137789,0.009862511
5/25/2021,-0.219445025,0.001495081,0.004289501,1.564,-0.007878783,0.02356567,0.002116723,0.001684477,-0.002127564
5/26/2021,0.148914613,0.004747762,-0.000158055,1.574,0.022961566,0.06510222,0.009619795,-0.002949699,0.001874974
5/27/2021,0.138497222,-0.000779756,-0.003576074,1.61,-0.022057181,-0.054130596,-0.007959793,0.003580647,0.00116472
6/1/2021,0.171490575,0.008134746,-0.002613759,1.615,-0.017507854,-0.030451098,0.016258139,0.002414446,-0.000492497
6/2/2021,-0.032513845,0.018335523,0.002112658,1.591,0.023977789,0.027197009,-0.000290613,-0.019213548,0.00144587
6/3/2021,0.021384567,-0.00039609,-0.003117737,1.625,0.042556617,0.053598416,0.011702799,0.009891067,-0.003635298
6/7/2021,0.224310658,0.014174399,-0.001196857,1.569,-0.066332856,-0.047066637,0.011774978,-0.002428082,-0.000797029
6/8/2021,-0.245145556,0.008692436,0.004844341,1.528,-0.002627775,-0.028517482,-0.001285623,0.000528346,0.00017507
6/9/2021,-0.203619901,0.003760803,0.004586355,1.489,0.109474102,0.035444047,0.004705891,0.000528067,-0.001825542
6/10/2021,0.042799777,0.004901979,0.002408871,1.459,-0.017354743,-0.053853289,0.008781926,-0.008908745,0.004641367
6/14/2021,0.109500628,0.002393614,-0.003647262,1.501,0.028258788,0.011691714,0.017343092,-0.005109598,0.001813566
6/15/2021,0.102502781,-0.004426911,-0.000443789,1.499,0.004658453,0.028375606,0.000415887,0.002692516,-0.002013706
6/16/2021,-0.016689623,-0.006850047,-0.001659426,1.569,-0.052307032,-0.097805437,-0.015504187,-0.047183496,-0.005404787
6/17/2021,0.038510322,-0.00424594,0.011842919,1.511,-0.007684761,0.001830669,0.008410479,-0.003331736,-0.000435732
6/21/2021,-0.058531193,0.018665514,-0.007513939,1.484,-0.119521796,-0.173558064,-0.00817889,-0.00309154,0.013905201
6/22/2021,-0.017764008,-0.002114686,-0.000116439,1.472,0.025833048,-0.007173037,0.00027371,0.003372116,0.005111429
6/23/2021,0.100589346,-0.002965743,-0.000776609,1.487,0.036766675,0.0594201,0.003005877,-0.003766271,-0.001083847
6/24/2021,-0.121395856,-0.006319882,0.001565543,1.487,0.0274757,-0.000643523,0.010179932,0.000563031,0.005794338
6/28/2021,0.352598701,-0.003023196,0.008419848,1.478,-0.006233262,0.04966477,0.000959627,-0.009485166,0.002312366
6/29/2021,0.025792035,0.001582536,0.000773655,1.48,0.040785121,0.038260655,0.006691729,0.004527968,0.000277311
6/30/2021,-0.434576439,-0.003482496,0.003551122,1.443,-0.023325203,0.051317321,0.023672928,0.002875915,0.001327233
7/1/2021,0.111123289,0.002644987,-0.003422238,1.48,-0.042818246,-0.073385936,-0.000930913,0.003765636,0.005208055
7/6/2021,-0.178348295,0.007323009,0.005348564,1.37,0.01439221,0.055769312,-0.016075087,0.004450633,-0.002023948
7/7/2021,0.058109384,0.002682082,0.003261606,1.321,-0.011157826,-0.00410255,0.010197139,-0.001055233,0.003353382
7/8/2021,-0.087150204,-0.003466178,0.003491868,1.288,-0.029311779,-0.088051079,0.021966985,0.005762427,-0.008597867
7/12/2021,0.157100497,0.014271552,-0.001443398,1.363,-0.032180926,-0.049307983,0.015400371,0.002157737,0.003445215
7/13/2021,0.084168197,-0.009268077,-0.005139027,1.415,-0.013782087,-0.048609933,-0.028577224,0.008201053,-0.003523029
7/14/2021,-0.461764004,0.008276343,0.006237732,1.356,0.0036726,0.027577543,-0.020445525,0.002244916,0.001164292
7/15/2021,-0.07661995,-0.004056051,0.006592368,1.297,-0.032249468,-0.042590225,0.002230588,-0.00763132,-0.003267569
7/19/2021,-0.092649068,-0.025896558,0.009446977,1.181,-0.031272503,-0.042160125,0.014943494,0.001215604,-0.0159968
7/20/2021,-0.119858508,0.028837599,-0.00625006,1.209,-0.033338556,-0.016526024,0.041830089,-0.00442748,0.015048847
7/21/2021,0.142529209,0.000481858,-0.004074049,1.28,0.074434172,0.107798366,0.022643538,0.001164112,0.008208069
7/22/2021,-0.059998951,-0.01277481,0.003770021,1.265,0.006283789,0.017047452,0.002222532,-0.001996451,0.00201463
7/26/2021,0.198710789,0.001047201,0.00026658,1.276,0.054695429,0.018981534,-0.003622183,0.000444667,0.00237942
7/27/2021,-0.055661923,0.004390862,0.003939631,1.234,0.053942853,0.028674116,0.010275014,0,-0.004723619
7/28/2021,-0.147541938,-0.003727041,-0.001366345,1.261,0.014835126,-0.000778295,0.01684856,0.017462641,-0.000186319
7/29/2021,0.127234073,0.00232542,-0.000291222,1.269,0.000312874,0.03609642,0.004472461,-0.010209211,0.004197385
8/2/2021,-0.674923981,-0.004588351,0.00484348,1.174,-0.019525249,0.018678509,-0.009871748,-0.004409907,-0.001844595
8/3/2021,0.190361628,-0.002724778,-0.000855992,1.176,-0.027122491,-0.042178829,-0.034752254,0.000220958,0.008170019
8/4/2021,0.419300362,-0.002901851,0.000491026,1.184,0.040943165,0.085098788,0.013698844,-0.002987058,-0.004643208
8/5/2021,-0.149049237,0.007008752,-0.00302553,1.217,0.027838357,0.037003477,-0.011793105,-0.025302183,0.005987499
8/9/2021,-0.042047662,-0.005850822,-0.00449416,1.317,0.056962712,0.049875683,0.026862192,0.003128442,-0.000940368
8/10/2021,0.037487143,-0.006971412,-0.002011029,1.342,-0.016974141,-0.00829384,0.013959802,0.012416807,0.000992209
8/11/2021,-0.064726643,0.000690266,-0.001976539,1.329,0.000188761,0.007153276,-0.002313143,-0.000800137,0.001274896
8/12/2021,-0.156833384,-0.00082611,-0.00016703,1.367,-0.025891754,-0.038934505,-0.009452553,0.014868897,0.004137825
8/16/2021,-0.093417051,-0.000157013,0.003992833,1.257,-0.022408307,-0.047633654,-0.010457221,-0.00106386,0.002617431
8/17/2021,-0.0472615,-0.005634526,-0.000774431,1.258,-0.028869199,-0.045918102,-0.017115147,-0.001906578,-0.00708577
8/18/2021,0.165660405,-9.02E-05,-0.000203229,1.273,0.002364967,0.001737847,-0.027411705,-0.000786119,-0.01080664
8/19/2021,-0.218550635,-0.001998453,0.002385334,1.242,0.041885853,0.052443987,-0.021745163,0.000449287,0.001255952
8/23/2021,0.809138738,-0.005986862,0.00156839,1.255,0.004541347,0.023515018,0.028534749,0.001330082,0.008487698
8/24/2021,-0.341780019,-0.003683931,-0.002594232,1.29,-0.037844894,-0.045234915,0.012067843,-0.009683419,0.001494575
8/25/2021,-0.262386021,0.003312756,-0.004954027,1.342,0.025960122,0.016400535,-0.013846148,0.002234388,0.002217666
8/26/2021,-0.23983962,-0.003290162,0.002086223,1.342,-0.042102297,-0.039399595,0.019389562,0.013522707,-0.005841963
8/31/2021,-0.463133036,0.011952156,-0.003024343,1.304,0.002371072,0.062909004,0.001313006,-0.00104738,-0.001350057
9/1/2021,0.124016436,0.016335952,0.000912062,1.302,0.035005654,0.110476706,0.020205623,-0.002429732,0.000311713
9/2/2021,0.085680661,0.005487302,0.001480329,1.294,0.009792725,-0.01149742,-0.010051779,0.012199294,0.002838528
9/7/2021,-0.201315702,-0.01086349,-0.005496407,1.37,-0.117232495,-0.136718493,0.013803343,-0.002899684,-0.003401266
9/8/2021,-0.200057531,0.00217998,0.004074311,1.334,-0.015494794,0.020487104,-0.016880494,0.003734571,-0.001319445
9/9/2021,-0.01135148,-0.012016105,0.006017361,1.299,0.006488391,-0.020211109,0.022922808,-0.004349045,-0.004616238
9/13/2021,0.604880228,-0.001551036,0.003288312,1.324,-0.024174296,-0.037229325,0.000141935,0.007062058,0.002273922
9/14/2021,-0.275594535,-0.004532908,0.00554032,1.277,0.046272007,0.042795741,0.03005748,-0.006838869,-0.005763174
9/15/2021,0.12320062,0.004633437,-0.002451582,1.304,0.022754601,0.052851903,0,-0.021314593,0.008438207
9/16/2021,0.507442679,0.00052463,-0.002230498,1.331,-0.008190739,-0.012241805,-0.008853288,-0.002968039,-0.001552301
9/20/2021,-0.174511355,-0.010636046,0.005904262,1.309,-0.098107938,-0.117957378,0.003833871,0.008027631,-0.01712302
9/21/2021,0.185816582,0.005557967,-0.001057176,1.324,-0.051488268,-0.068014263,0.02339206,0.000394066,-0.00081268
9/22/2021,-0.24646088,0.0069967,0.001157801,1.336,0.068399602,0.107402241,0.014705137,-0.016457073,0.009474541
9/23/2021,0.507438413,-0.005417571,-0.008107538,1.41,0.029856309,0.024917343,0.009234178,0.001143707,0.012061716
9/27/2021,0.283393918,-0.00532269,0.000471431,1.484,-0.022771583,-0.042740937,-0.002122861,-0.008147386,-0.002780218
9/28/2021,0.253979717,-0.017085343,-0.009329656,1.534,-0.028852333,-0.044192058,-0.00612845,-0.008272398,-0.020574322
9/29/2021,-0.442978672,0.009620408,-0.001904762,1.541,0.012828925,0.016199335,0.002669159,0.019443779,0.001567936
9/30/2021,0.0109247,-0.00890844,-0.00119877,1.529,0.05218276,0.050750481,0.011265112,0.000968027,-0.011981221
10/4/2021,-0.241145857,-0.002881354,-0.000974972,1.481,0.018763728,-0.011258434,0.016736258,-0.003743836,-0.013070934
10/5/2021,0.295594854,-0.002598073,-0.005043952,1.529,0.047747611,0.040137963,-0.019187081,0.000511349,0.010469459
10/6/2021,0.269764901,-0.005228078,0.001186072,1.524,0.072014101,0.017479739,0.011173301,-0.001477945,0.004094494
10/7/2021,-0.382192949,0.020221919,-0.005620497,1.571,-0.028498794,0.002068161,0.013320844,-0.000910591,0.008264048
10/11/2021,0.326755587,-0.004635193,0.000234213,1.614,0.048348963,0.034287587,0.001489204,0.002106522,-0.006889464
10/12/2021,0.000363149,0.016238919,0.00381774,1.58,-0.025435764,-0.014999232,-0.002483239,0.019933092,-0.002419697
10/13/2021,0.513227043,0.002254416,0.007553442,1.549,0.023978815,0.032016264,0.010757445,0.001671123,0.003017978
10/14/2021,-0.459314282,0.013894146,0.002992649,1.519,-0.001387246,0.048658746,0.011859055,-0.016555276,0.01691917
10/18/2021,-0.517454603,0.00163173,0.00238872,1.584,0.007646292,-0.025895599,0.006287808,0.002772671,0.003369123
10/19/2021,0.400747934,0.00192091,-0.006744173,1.635,0.035413444,0.03380434,0.010909417,0.008104046,0.00736616
10/20/2021,-0.211186196,0.011515037,-0.002379014,1.636,0.026577835,0.069321667,-0.016469688,-0.001626792,0.003657321
10/21/2021,0.444308099,0.002481957,-0.003592158,1.676,-0.059027668,-0.024767535,0.015157273,0.00799624,0.002991427
10/25/2021,0.125742291,0.002316109,0.000168231,1.635,0.034027273,0.031299767,0.010569542,-0.007391592,0.004736942
10/26/2021,0.372024947,0.003174597,0.003745516,1.619,-0.043377186,-0.020787698,-0.023789299,0.002896454,0.001818129
10/27/2021,-0.625539771,-0.004765684,0.011994147,1.529,-0.031663844,-0.049839311,0.001813018,0.002055842,-0.0050644
10/28/2021,0.682743242,0.002675942,-0.004046031,1.568,0.035934492,0.08695666,0.009135777,-0.01037782,0.009781344
11/1/2021,-0.104288238,-0.00239586,-0.002867642,1.575,-0.00514295,0.008488151,-0.001667064,-0.003571632,0.00179845
11/2/2021,-0.298256288,0.015070545,0.001396443,1.549,0.035775877,0.058420346,-0.037025532,-0.014131925,0.003673611
11/3/2021,0.249421048,0.00443411,-0.002807676,1.579,-0.004062805,0.004872733,-0.025679372,0.01653302,0.006440511
11/4/2021,0.200496395,-0.008909697,0.00573515,1.524,-0.024399034,-0.015281503,0.030737052,0.012966326,0.004173172
11/8/2021,-0.035922283,-0.003769683,-0.000733397,1.497,0.064805561,0.040616201,0.008088279,0.006037671,0.000887307
11/9/2021,0.020255366,0.004615134,0.004165621,1.432,-0.008845099,-0.016134695,0.026735696,0.001531059,-0.003504869
11/10/2021,0.075234212,-0.001745801,-0.012842713,1.56,-0.029958165,-0.021106741,-0.03396302,0.009462249,-0.008259834
11/11/2021,0.100546026,-0.002673445,7.66E-05,1.56,-0.000696748,0.020116916,0.003068805,0.00840794,0.000550776
11/12/2021,0.331637087,0.001348461,-0.004975485,1.582,-0.012300437,-0.013465284,-0.00985351,0.002519366,0.007196681
11/15/2021,-0.29979148,0.006488489,-0.006109226,1.623,-0.029592906,-0.014995057,0.001113379,-0.000964114,-1.07E-05
11/16/2021,0.089835022,-0.005228623,-0.001872382,1.634,-0.054922454,-0.077801647,-0.001484781,-0.006720997,0.003857758
11/17/2021,0.154715079,-0.001412038,0.00237539,1.604,0.003430965,0.01675224,-0.0301682,0.008648296,-0.00260502
11/18/2021,-0.576212696,0.005560363,0.002446941,1.589,-0.05842375,-0.069268611,0.008260834,-0.004664013,0.00337904
11/19/2021,0.301758047,-0.005756018,0.007547689,1.536,0.020466973,0.071764073,-0.037526162,-0.0052799,-0.001399628
11/22/2021,0.475009669,0.001466579,-0.009105312,1.625,-0.042454514,-0.043383451,0.008505122,-0.024719622,-0.003202254
11/23/2021,-0.323588701,0.004019182,-0.006838407,1.667,0.022481248,0.05988247,0.022545238,-0.012536729,0.001655707
11/24/2021,0.271081757,0.00984416,0.003690017,1.645,-0.02263872,-0.023491401,-0.001402257,0.000336361,0.002291274
11/26/2021,-0.130199257,-0.02835104,0.01160152,1.482,-0.066873801,-0.058732129,-0.13538221,-0.003410969,-0.022987045
11/29/2021,0.329406835,0.014107651,-0.00460907,1.53,0.009701684,0.034479154,0.026069543,-0.001681803,0.013113857
11/30/2021,-0.252856074,-0.0118524,0.009057119,1.443,-0.013955923,0.04107277,-0.055402399,-0.004893286,-0.019143377
12/1/2021,0.142134859,-0.007644438,-0.001030593,1.434,0.003928781,-0.00965217,-0.009260028,0.004500458,-0.01188555
12/2/2021,-0.07287321,0.011723939,-0.001745524,1.448,-0.013227302,-0.016638228,0.014083673,-0.01180038,0.014094626
12/3/2021,-0.029011927,-0.012078353,0.013665792,1.343,-0.052331586,-0.066583433,-0.003615551,0.012024872,-0.008484473
12/6/2021,0.02337978,0.025374312,-0.006651252,1.434,0.024288527,0.037497305,0.04759646,-0.002528446,0.011662655
12/7/2021,-0.208451001,0.009041439,-0.002777057,1.48,0.002319468,-0.010070824,0.036177465,0.00286509,0.020495586
12/8/2021,-0.22576548,0.008366262,-0.00782728,1.509,-0.003859286,0.028398169,0.004293338,0.000448682,0.003080544
12/9/2021,0.6157998,-0.015336343,-6.40E-05,1.487,-0.057721556,-0.074701269,-0.019819211,-0.004946609,-0.007207038
12/10/2021,-0.45512498,0.002744418,-0.001716519,1.489,-0.009035819,-0.052655813,0.010237801,0.004666207,0.009503807
12/13/2021,0.509939164,0.009488067,0.008540568,1.424,-0.06944137,-0.088513477,-0.005316185,0.001905189,-0.0091782
12/14/2021,-0.120009462,-0.015881853,-0.003336053,1.438,-0.002674828,-0.010302373,-0.007886254,-0.008940932,-0.007498643
12/15/2021,0.243071202,0.009237909,-0.004345888,1.463,0.047838778,0.07034178,0.001977402,-0.004415518,0.016216213
12/16/2021,0.047021238,0.007229302,0.001957987,1.422,-0.025504064,-0.014013495,0.021082805,0.019105998,-0.008781826
12/17/2021,-0.114258697,0.008802973,0.003675255,1.402,-0.031180093,-0.021164681,-0.021223919,0.003999561,-0.010341011
12/20/2021,0.280829703,-0.016847125,-0.004263528,1.419,0.00370268,0.002864393,-0.037821749,-0.005615025,-0.011453373
12/21/2021,0.106666664,0.011623412,-0.004680126,1.487,0.042928793,0.021729392,0.04148424,-0.003238779,0.017621764
12/22/2021,0.139515154,0.005940692,0.004808041,1.457,-0.006315834,-0.009537359,0.022797762,0.007633412,0.010128711
12/23/2021,0.032476303,-0.002596029,-0.003908783,1.493,0.043381939,0.031130875,0.014056867,0.00531445,0.006204417
